{
    "directed": true,
    "multigraph": false,
    "graph": [
        [
            "name",
            "Cyclic Arena"
        ],
        [
            "start_stations",
            [
                "S1"
            ]
        ],
        [
            "end_stations",
            [
                "S4"
            ]
        ],
        [
            "wip_limits",
            [
                12
            ]
        ],
        [
            "generation_time",
            78.42378616333008
        ]
    ],
    "nodes": [
        {
            "index": 0,
            "frequency": 6476,
            "buffer_capacity": 4,
            "machine_capacity": 1,
            "processing_time": {
                "mean": 51.14370428938531,
                "std": 25.669533998077473
            },
            "id": "S3"
        },
        {
            "index": 1,
            "frequency": 9994,
            "buffer_capacity": 0,
            "machine_capacity": 1,
            "processing_time": {
                "mean": 77.21834219429688,
                "std": 37.74571375703184
            },
            "id": "S1"
        },
        {
            "index": 2,
            "frequency": 9996,
            "buffer_capacity": 4,
            "machine_capacity": 1,
            "processing_time": {
                "mean": 74.90046018407357,
                "std": 38.0065052722535
            },
            "id": "S4"
        },
        {
            "index": 3,
            "frequency": 16471,
            "buffer_capacity": 6,
            "machine_capacity": 2,
            "processing_time": {
                "mean": 100.94450545900864,
                "std": 50.108200106713596
            },
            "id": "S2"
        }
    ],
    "adjacency": [
        [
            {
                "frequency": 6476,
                "routing_probability": 1.0,
                "transfer_time": {
                    "mean": 10.243902439024389,
                    "std": 2.0459534769266137
                },
                "id": "S2"
            }
        ],
        [
            {
                "frequency": 9994,
                "routing_probability": 1.0,
                "transfer_time": {
                    "mean": 10.190082644628102,
                    "std": 1.9699571349330107
                },
                "id": "S2"
            }
        ],
        [],
        [
            {
                "frequency": 9994,
                "routing_probability": 0.6067634023435129,
                "transfer_time": {
                    "mean": 10.012888107791476,
                    "std": 1.9946758649834209
                },
                "id": "S4"
            },
            {
                "frequency": 6477,
                "routing_probability": 0.39323659765648716,
                "transfer_time": {
                    "mean": 9.9943356148218,
                    "std": 2.0185555690057773
                },
                "id": "S3"
            }
        ]
    ]
}