{
    "directed": true,
    "multigraph": false,
    "graph": [
        [
            "name",
            "Serial Arena"
        ],
        [
            "start_stations",
            [
                "S1"
            ]
        ],
        [
            "end_stations",
            [
                "S4"
            ]
        ],
        [
            "wip_limits",
            [
                6
            ]
        ],
        [
            "generation_time",
            72.86129140853882
        ]
    ],
    "nodes": [
        {
            "index": 0,
            "frequency": 9998,
            "buffer_capacity": 5,
            "machine_capacity": 1,
            "processing_time": {
                "mean": 100.15483096619307,
                "std": 49.876462691590525
            },
            "id": "S4"
        },
        {
            "index": 1,
            "frequency": 9999,
            "buffer_capacity": 4,
            "machine_capacity": 2,
            "processing_time": {
                "mean": 149.1089435774311,
                "std": 73.69422810283218
            },
            "id": "S2"
        },
        {
            "index": 2,
            "frequency": 10000,
            "buffer_capacity": 0,
            "machine_capacity": 1,
            "processing_time": {
                "mean": 50.209720972097465,
                "std": 24.953389666402416
            },
            "id": "S1"
        },
        {
            "index": 3,
            "frequency": 9997,
            "buffer_capacity": 4,
            "machine_capacity": 1,
            "processing_time": {
                "mean": 74.68503700740162,
                "std": 37.48057571890412
            },
            "id": "S3"
        }
    ],
    "adjacency": [
        [],
        [
            {
                "frequency": 9999,
                "routing_probability": 1.0,
                "transfer_time": {
                    "mean": 10.06833870225496,
                    "std": 2.0274697766306677
                },
                "id": "S3"
            }
        ],
        [
            {
                "frequency": 10000,
                "routing_probability": 1.0,
                "transfer_time": {
                    "mean": 10.040870240870253,
                    "std": 2.0303973468696164
                },
                "id": "S2"
            }
        ],
        [
            {
                "frequency": 9997,
                "routing_probability": 1.0,
                "transfer_time": {
                    "mean": 10.089521871820951,
                    "std": 2.0258316728395767
                },
                "id": "S4"
            }
        ]
    ]
}