{
    "directed": true,
    "multigraph": false,
    "graph": [
        [
            "name",
            "Serial Arena"
        ],
        [
            "start_stations",
            [
                "S1"
            ]
        ],
        [
            "end_stations",
            [
                "S4"
            ]
        ],
        [
            "wip_limits",
            [
                6
            ]
        ],
        [
            "generation_time",
            67.50951981544495
        ]
    ],
    "nodes": [
        {
            "index": 0,
            "frequency": 9998,
            "buffer_capacity": 4,
            "machine_capacity": 1,
            "processing_time": {
                "mean": 74.90699069906988,
                "std": 37.599820470780095
            },
            "id": "S3"
        },
        {
            "index": 1,
            "frequency": 9998,
            "buffer_capacity": 0,
            "machine_capacity": 1,
            "processing_time": {
                "mean": 49.673602080624356,
                "std": 24.721983475151944
            },
            "id": "S1"
        },
        {
            "index": 2,
            "frequency": 10000,
            "buffer_capacity": 4,
            "machine_capacity": 2,
            "processing_time": {
                "mean": 150.50060024009537,
                "std": 75.71953132020515
            },
            "id": "S2"
        },
        {
            "index": 3,
            "frequency": 9997,
            "buffer_capacity": 5,
            "machine_capacity": 1,
            "processing_time": {
                "mean": 100.19175752725856,
                "std": 50.412495553832805
            },
            "id": "S4"
        }
    ],
    "adjacency": [
        [
            {
                "frequency": 9998,
                "routing_probability": 1.0,
                "transfer_time": {
                    "mean": 10.065458207452158,
                    "std": 2.0734363561731075
                },
                "id": "S4"
            }
        ],
        [
            {
                "frequency": 9998,
                "routing_probability": 1.0,
                "transfer_time": {
                    "mean": 10.03160056881023,
                    "std": 2.061233900026668
                },
                "id": "S2"
            }
        ],
        [
            {
                "frequency": 10000,
                "routing_probability": 1.0,
                "transfer_time": {
                    "mean": 10.006852551984862,
                    "std": 2.0333314056139797
                },
                "id": "S3"
            }
        ],
        []
    ]
}